Product Name,Brand,Category,MRP,Discounted Price,Rating,Number of Reviews,Product URL
Polo Collar T-shirt,Nautica,Men's T-Shirts,2699.0,890.0,4.0,43,https://www.myntra.com/tshirts/nautica/nautica-men-polo-collar-t-shirt/28603712/buy
Men Polo Collar T-shirt,Powerlook,Men's T-Shirts,1999.0,1139.0,4.0,64,https://www.myntra.com/tshirts/powerlook/powerlook-men-polo-collar-t-shirt/33074982/buy
Solid Lounge T-shirt,Levis,Men's T-Shirts,649.0,434.0,4.3,3800,https://www.myntra.com/lounge-tshirts/levis/levis-men-soft-pure-cotton-round-neck-half-sleeve-tshirt/12027436/buy
Striped Logo Graphic Men Tee,Puma,Men's T-Shirts,1499.0,749.0,3.8,1200,https://www.myntra.com/tshirts/puma/puma-striped-logo-graphic-men-slim-fit-tee/31636884/buy
SS25 Pure Cotton T-Shirt,Powerlook,Men's T-Shirts,2199.0,1187.0,4.5,24,https://www.myntra.com/tshirts/powerlook/powerlook-ss25-colourblocked-polo-collar-pure-cotton-t-shirt/34501342/buy
Cotton Pure Cotton T-shirt Regular Fit,H&M,Men's T-Shirts,,,4.2,16200,https://www.myntra.com/tshirts/h%26m/hm-men-white-solid-cotton-pure-cotton-t-shirt-regular-fit/11468714/buy
Striped Logo Graphic Men Tee,Puma,Men's T-Shirts,1499.0,749.0,4.2,1200,https://www.myntra.com/tshirts/puma/puma-striped-logo-graphic-men-slim-fit-tee/31636890/buy
Polo Collar Slim Fit T-shirt,Louis Philippe Jeans,Men's T-Shirts,1499.0,1109.0,4.3,815,https://www.myntra.com/tshirts/louis+philippe+jeans/louis-philippe-jeans-polo-collar-slim-fit-t-shirt/23083568/buy
Men Pure Cotton T-Shirt,Puma,Men's T-Shirts,999.0,549.0,4.0,494,https://www.myntra.com/tshirts/puma/puma-men-small-logo-brand-logo-embroidered-pure-cotton-short-sleeve-t-shirt/32485692/buy
Men Solid Lounge T-shirt,Jack & Jones,Men's T-Shirts,699.0,384.0,4.1,196,https://www.myntra.com/lounge-tshirts/jack+%26+jones/jack--jones-men-navy-blue-solid-cotton-lounge-t-shirt/18389666/buy
Men Polo Collar Slim Fit T-shirt,THE BEAR HOUSE,Men's T-Shirts,,,3.5,15,https://www.myntra.com/tshirts/the+bear+house/the-bear-house-men-polo-collar-slim-fit-t-shirt/32867142/buy
Solid Lounge T-shirt,Levis,Men's T-Shirts,649.0,402.0,4.4,3600,https://www.myntra.com/lounge-tshirts/levis/levis-men-soft-pure-cotton-round-neck-half-sleeve-tshirt/12027432/buy
Pure Cotton Solid T-Shirt,Puma,Men's T-Shirts,999.0,549.0,4.0,389,https://www.myntra.com/tshirts/puma/puma-men-small-logo-solid-pure-cotton-short-sleeve-t-shirt/32485698/buy
Polo Collar Slim Fit T-shirt,U.S. Polo Assn.,Men's T-Shirts,1499.0,1004.0,4.1,146,https://www.myntra.com/tshirts/u.s.+polo+assn./us-polo-assn-polo-collar-pure-cotton-slim-fit-t-shirt/29337776/buy
Round Neck Lounge T-shirt,Jack & Jones,Men's T-Shirts,699.0,384.0,3.5,41,https://www.myntra.com/lounge-tshirts/jack+%26+jones/jack--jones-men-blue-solid-round-neck-lounge-t-shirt/13478390/buy
Men Lightweight Lounge T-shirt,U.S. Polo Assn.,Men's T-Shirts,699.0,622.0,4.3,1400,https://www.myntra.com/lounge-tshirts/u.s.+polo+assn./us-polo-assn-men-embroidered-logo-pure-cotton-lightweight-lounge-t-shirt/22492582/buy
Cotton Knitted Polo T-shirt,MANGO MAN,Men's T-Shirts,3690.0,2214.0,4.0,22,https://www.myntra.com/tshirts/mango+man/mango-man-polo-collar-pure-cotton-knitted-t-shirt/32493871/buy
Cotton Oversized T-shirt,TOGS & TERRE,Men's T-Shirts,1499.0,331.0,3.7,54,https://www.myntra.com/tshirts/togs+%26+terre/togs--terre-typography-printed-round-neck-cotton-oversized-t-shirt/35524482/buy
Colourblocked Round Neck Pure Cotton T-shirt,Roadster,Men's T-Shirts,999.0,449.0,4.2,8700,https://www.myntra.com/tshirts/roadster/roadster-men-white--mustard-yellow-colourblocked-round-neck-pure-cotton-t-shirt/12504566/buy
Men Divide Regular Fit Polo,RARE RABBIT,Men's T-Shirts,3499.0,1819.0,4.2,396,https://www.myntra.com/tshirts/rare+rabbit/rare-rabbit-men-divide-polo-collar-slim-fit-cotton-t-shirt/23669102/buy
Striped Round Neck T-shirt,Maniac,Men's T-Shirts,1569.0,599.0,4.2,3300,https://www.myntra.com/tshirts/maniac/maniac-striped-round-neck-t-shirt/28727814/buy
Men Solid Lounge T-shirt,Jack & Jones,Men's T-Shirts,699.0,384.0,4.1,146,https://www.myntra.com/lounge-tshirts/jack+%26+jones/jack--jones-men-yellow-solid-cotton-lounge-t-shirt/18389716/buy
Pure Cotton Slim Fit T-shirt,U.S. Polo Assn.,Men's T-Shirts,1099.0,736.0,4.7,24,https://www.myntra.com/tshirts/u.s.+polo+assn./us-polo-assn-pure-cotton-brand-logo-printed-slim-fit-t-shirt/34032809/buy
Cotton Oversized T-shirt,BDSQUARE,Men's T-Shirts,2499.0,399.0,3.5,17,https://www.myntra.com/tshirts/bdsquare/bdsquare-graphic-printed-drop-shoulder-sleeves-cotton-oversized-t-shirt/35997548/buy
Unisex Oversized T-shirt,BROWN BROTHERS,Men's T-Shirts,1499.0,449.0,4.7,11,https://www.myntra.com/tshirts/brown+brothers/brown-brothers-unisex-drop-shoulder-sleeves-pure-cotton-oversized-t-shirt/29176330/buy
Men Printed Cotton T-shirt,Classic Polo,Men's T-Shirts,1049.0,996.0,4.8,10,https://www.myntra.com/tshirts/classic+polo/classic-polo-men-conversational-printed-polo-collar-cotton-slim-fit-t-shirt/32600843/buy
Oversized Cotton T-shirt,BULLMER,Men's T-Shirts,1499.0,399.0,3.9,10000,https://www.myntra.com/tshirts/bullmer/bullmer-graphic-printed-round-neck-oversized-cotton-t-shirt/24014326/buy
Men Printed Oversized T-shirt,PRONK,Men's T-Shirts,1499.0,649.0,4.3,807,https://www.myntra.com/tshirts/pronk/pronk-men-nirvana-printed-oversized-t-shirt-/30967642/buy
Slim Pure Cotton T-shirt,U.S. Polo Assn.,Men's T-Shirts,1899.0,1177.0,4.5,43,https://www.myntra.com/tshirts/u.s.+polo+assn./us-polo-assn-slim-fit-applique-detail-pure-cotton-t-shirt/32410253/buy
Solid Polo Collar T-shirt,Roadster,Men's T-Shirts,999.0,449.0,4.2,17700,https://www.myntra.com/tshirts/roadster/roadster-men-maroon-solid-polo-collar-t-shirt/3009070/buy
Regular Fit Round-Neck T-Shirt,H&M,Men's T-Shirts,,,4.2,190,https://www.myntra.com/tshirts/h%26m/hm-regular-fit-round-neck-t-shirt/35737936/buy
Men Printed Cotton T-shirt,United Colors of Benetton,Men's T-Shirts,,,,0,https://www.myntra.com/tshirts/united+colors+of+benetton/united-colors-of-benetton-men-regular-fit-pure-cotton-t-shirt/34379032/buy
Oversized Cotton T-shirt,TOGS & TERRE,Men's T-Shirts,1499.0,331.0,3.9,150,https://www.myntra.com/tshirts/togs+%26+terre/togs--terre-graphic-printed-oversized-organic-cotton-t-shirt/34955438/buy
Men Polo Collar T-shirt,The Indian Garage Co,Men's T-Shirts,1549.0,496.0,4.4,2400,https://www.myntra.com/tshirts/the+indian+garage+co/the-indian-garage-co-men-solid-polo-collar-t-shirt/23053394/buy
Polo Collar T-shirt,Louis Philippe,Men's T-Shirts,2299.0,1471.0,4.6,82,https://www.myntra.com/tshirts/louis+philippe/louis-philippe-self-design-polo-collar-t-shirt/33085416/buy
Oversized Printed T-shirt,TOGS & TERRE,Men's T-Shirts,1499.0,331.0,3.9,63,https://www.myntra.com/tshirts/togs+%26+terre/togs--terre-graphic-printed-oversized-organic-cotton-t-shirt/34955604/buy
Solid Lounge T-shirt,Levis,Men's T-Shirts,649.0,421.0,4.3,1800,https://www.myntra.com/lounge-tshirts/levis/levis-men-soft-pure-cotton-round-neck-half-sleeve-tshirt/12027422/buy
Anti Stain Anti Odor T-Shirt,TURMS,Men's T-Shirts,2199.0,1799.0,4.4,26,https://www.myntra.com/tshirts/turms/turms-men-solid-polo-collar-half-sleeves-stain-and-water-repellent-cotton-tshirt/30813369/buy
Regular Fit Round-Neck T-shirt,H&M,Men's T-Shirts,,,4.0,216,https://www.myntra.com/tshirts/h%26m/hm-regular-fit-round-neck-t-shirt/34220990/buy
Men Solid Cotton Polo T-shirt,Campus Sutra,Men's T-Shirts,1699.0,696.0,3.9,597,https://www.myntra.com/tshirts/campus+sutra/campus-sutra-men-solid-polo-collar-cotton-t-shirt/32193183/buy
SS25 Pure Cotton T-Shirt,Powerlook,Men's T-Shirts,2199.0,1297.0,4.3,15,https://www.myntra.com/tshirts/powerlook/powerlook-ss25-colourblocked-polo-collar-pure-cotton-t-shirt/34219607/buy
Print Oversized Cotton T-shirt,BULLMER,Men's T-Shirts,1499.0,399.0,3.9,10400,https://www.myntra.com/tshirts/bullmer/bullmer-tribal-printed-oversized-cotton-t-shirt/27226100/buy
Lounge T-Shirt,U.S. Polo Assn.,Men's T-Shirts,699.0,608.0,4.2,593,https://www.myntra.com/lounge-tshirts/u.s.+polo+assn./us-polo-assn-olive-green-solid-lounge-t-shirt/2465168/buy
Men Polo Collar T-shirt,GANT,Men's T-Shirts,5999.0,2999.0,4.3,8,https://www.myntra.com/tshirts/gant/gant-men-solid-polo-collar-polo-t-shirt/33418448/buy
Men T-shirt,HRX by Hrithik Roshan,Men's T-Shirts,899.0,440.0,4.2,1100,https://www.myntra.com/tshirts/hrx+by+hrithik+roshan/hrx-by-hrithik-roshan-men-white-t-shirt/20104340/buy
Men Printed T-shirt,NOBERO,Men's T-Shirts,1799.0,499.0,4.4,1400,https://www.myntra.com/tshirts/nobero/nobero-men-printed-oversized-fit-t-shirt/28137932/buy
SolidPolo Collar T-shirt,GANT,Men's T-Shirts,5999.0,2999.0,3.9,11,https://www.myntra.com/tshirts/gant/gant-men-white-solid-polo-collar-regular-t-shirt/33418383/buy
Rapid-Dry Running T-shirt,HRX by Hrithik Roshan,Men's T-Shirts,899.0,368.0,4.6,63,https://www.myntra.com/tshirts/hrx+by+hrithik+roshan/hrx-by-hrithik-roshan-printed-rapid-dry-running-t-shirt/30390286/buy
Outline Graphic Slim Fit Tee,Puma,Men's T-Shirts,1599.0,719.0,4.4,691,https://www.myntra.com/tshirts/puma/puma-outline-graphic-men-slim-fit-tee/31636877/buy
Pure Cotton Slim Fit T-shirt,Louis Philippe Jeans,Men's T-Shirts,1999.0,1359.0,4.5,441,https://www.myntra.com/tshirts/louis+philippe+jeans/louis-philippe-jeans-pure-cotton-slim-fit-t-shirt/23083562/buy
Men Polo Collar Slim Fit T-shirt,U.S. Polo Assn.,Men's T-Shirts,1499.0,1004.0,4.4,329,https://www.myntra.com/tshirts/u.s.+polo+assn./u-s-polo-assn-men-black-polo-collar-pure-cotton-slim-fit-t-shirt/19182712/buy
Men Cotton Pure Cotton T-shirt Regular Fit,H&M,Men's T-Shirts,,,4.3,9000,https://www.myntra.com/tshirts/h%26m/hm-men-black-solid-cotton-pure-cotton-t-shirt-regular-fit/11468732/buy
Slim Fit Cotton T-shirt,Crocodile,Men's T-Shirts,,,4.0,48,https://www.myntra.com/tshirts/crocodile/crocodile-polo-collar-slim-fit-cotton-t-shirt/23398178/buy
Open Knit Polo Collar T-shirt,MANGO MAN,Men's T-Shirts,3990.0,2394.0,4.7,12,https://www.myntra.com/tshirts/mango+man/mango-man-open-knit-polo-collar-t-shirt/33185476/buy
Printed Sports T-shirt,HRX by Hrithik Roshan,Men's T-Shirts,1299.0,688.0,3.7,108,https://www.myntra.com/tshirts/hrx+by+hrithik+roshan/hrx-by-hrithik-roshan-relaxed-fit-printed-rapid-dry-training-or-gym-sports-t-shirt/32045259/buy
Cotton Polo Collar T-shirt,Roadster,Men's T-Shirts,1499.0,689.0,4.0,164,https://www.myntra.com/tshirts/roadster/the-roadster-lifestyle-co-men-striped-polo-collar-pure-cotton-t-shirt/26043520/buy
Men Printed Cotton T-shirt,WROGN,Men's T-Shirts,1399.0,979.0,4.5,12,https://www.myntra.com/tshirts/wrogn/wrogn-men-graphic-printed-round-neck-cotton-oversized-t-shirt/32700205/buy
Antimicrobial Slim Fit T-shirt,Technosport,Men's T-Shirts,,,4.5,2500,https://www.myntra.com/tshirts/technosport/technosport-antimicrobial-slim-fit-training-or-gym-t-shirt/22187988/buy
Pack of 3 Cotton T-shirts,max,Men's T-Shirts,749.0,636.0,4.4,248,https://www.myntra.com/lounge-tshirts/max/max-pack-of-3-men-solid-t-shirt-/30250884/buy
Polo Collar Slim Fit T-shirt,U.S. Polo Assn.,Men's T-Shirts,1699.0,1223.0,,0,https://www.myntra.com/tshirts/u.s.+polo+assn./us-polo-assn-polo-collar-pure-cotton-slim-fit-t-shirt/34032904/buy
Raglan Sleeves Running T-shirt,HRX by Hrithik Roshan,Men's T-Shirts,699.0,300.0,3.9,21,https://www.myntra.com/tshirts/hrx+by+hrithik+roshan/hrx-by-hrithik-roshan-long-raglan-sleeves-perforation-detail-running-t-shirt/33081761/buy
V-Neck Cotton Lounge T-shirts,U.S. Polo Assn.,Men's T-Shirts,699.0,629.0,4.4,659,https://www.myntra.com/lounge-tshirts/u.s.+polo+assn./us-polo-assn-embroidered-logo-v-neck-cotton-lounge-t-shirts/22492580/buy
Polo Collar Slim Fit T-shirt,U.S. Polo Assn.,Men's T-Shirts,1499.0,1079.0,4.4,5,https://www.myntra.com/tshirts/u.s.+polo+assn./us-polo-assn-polo-collar-pure-cotton-slim-fit-t-shirt/34032867/buy
Men Printed Oversized T-shirt,Bewakoof,Men's T-Shirts,1199.0,599.0,4.4,1100,https://www.myntra.com/tshirts/bewakoof/bewakoof-men-black-printed-oversized-t-shirt/19042212/buy
Printed Training T-shirt,HRX by Hrithik Roshan,Men's T-Shirts,699.0,300.0,4.5,71,https://www.myntra.com/tshirts/hrx+by+hrithik+roshan/hrx-by-hrithik-roshan-brand-logo-printed-training-t-shirt/28619216/buy
Pure Cotton Slim Polo T-shirt,U.S. Polo Assn.,Men's T-Shirts,1499.0,1004.0,4.7,24,https://www.myntra.com/tshirts/u.s.+polo+assn./us-polo-assn-pure-cotton-slim-fit-polo-collar-t-shirt/34032804/buy
Pack of 3 Cotton T-shirts,max,Men's T-Shirts,749.0,636.0,4.4,241,https://www.myntra.com/lounge-tshirts/max/max-men-pack-of-3-solid-t-shirt-/30250880/buy
Regular Fit Round-Neck T-shirt,H&M,Men's T-Shirts,,,4.1,95,https://www.myntra.com/tshirts/h%26m/hm-regular-fit-round-neck-t-shirt/35714622/buy
Slim Fit Pure Cotton T-shirt,U.S. Polo Assn. Denim Co.,Men's T-Shirts,1299.0,870.0,4.6,7,https://www.myntra.com/tshirts/u.s.+polo+assn.+denim+co./us-polo-assn-denim-co-slim-fit-brand-logo-printed-pure-cotton-t-shirt/34032298/buy
Pack of 2 Solid Cotton Pure Cotton T-shirt,Roadster,Men's T-Shirts,1299.0,519.0,4.2,924,https://www.myntra.com/tshirts/roadster/the-roadster-lifestyle-co-men-pack-of-2-black--olive-brown-solid-v-neck-cotton-pure-cotton-t-shirt/13335086/buy
Teams Cricket Slim Fit Tee,Puma,Men's T-Shirts,1499.0,749.0,3.7,453,https://www.myntra.com/tshirts/puma/puma-teams-cricket-men-slim-fit-tee/32459816/buy
Pure Cotton Slim Fit T-shirt,U.S. Polo Assn. Denim Co.,Men's T-Shirts,1299.0,870.0,4.7,7,https://www.myntra.com/tshirts/u.s.+polo+assn.+denim+co./us-polo-assn-denim-co-brand-logo-printed-pure-cotton-slim-fit-t-shirt/34032302/buy
Oversized Printed T-shirt,NOBERO,Men's T-Shirts,1799.0,499.0,4.4,4500,https://www.myntra.com/tshirts/nobero/nobero-graphic-printed-oversized-t-shirt/26858810/buy
Printed Anti Odour Gym T-shirt,FUAARK,Men's T-Shirts,1599.0,559.0,4.3,311,https://www.myntra.com/tshirts/fuaark/fuaark-slim-fit-typography-printed-raglan-sleeves-anti-odour--gym-t-shirt/22766850/buy
Cotton Polo Collar T-shirt,U.S. Polo Assn.,Men's T-Shirts,1499.0,1079.0,4.6,29,https://www.myntra.com/tshirts/u.s.+polo+assn./us-polo-assn-men-polo-collar-pure-cotton-t-shirt/34032865/buy
Logo Lounge T-shirts,U.S. Polo Assn.,Men's T-Shirts,699.0,643.0,4.3,930,https://www.myntra.com/lounge-tshirts/u.s.+polo+assn./us-polo-assn-embroidered-logo-pure-cotton-lounge-t-shirts/22492640/buy
Striped Relaxed Fit T-shirt,Mast & Harbour,Men's T-Shirts,1099.0,428.0,4.3,26,https://www.myntra.com/tshirts/mast+%26+harbour/mast--harbour-striped-relaxed-fit-t-shirt/32413635/buy
Pure Cotton Slim Fit T-shirt,U.S. Polo Assn.,Men's T-Shirts,1299.0,870.0,4.6,8,https://www.myntra.com/tshirts/u.s.+polo+assn./us-polo-assn-pure-cotton-brand-logo-printed-slim-fit-t-shirt/34032900/buy
Men Polo Collar Pockets Slim Fit T-shirt,Metronaut,Men's T-Shirts,1999.0,299.0,3.9,351,https://www.myntra.com/tshirts/metronaut/metronaut-men-polo-collar-pockets-slim-fit-t-shirt/31649098/buy
Solid V-Neck Lounge T-shirt,Levis,Men's T-Shirts,649.0,467.0,4.4,1700,https://www.myntra.com/lounge-tshirts/levis/levis-men-pure-cotton-v-neck-short-sleeve-tshirt/12027434/buy
Colourblocked Cotton T-shirt,U.S. Polo Assn. Denim Co.,Men's T-Shirts,2199.0,1363.0,4.3,26,https://www.myntra.com/tshirts/u.s.+polo+assn.+denim+co./us-polo-assn-denim-co-colourblocked-polo-collar-pure-cotton-slim-fit-t-shirt/32409601/buy
Men Self Design T-shirt,Moda Rapido,Men's T-Shirts,1499.0,344.0,3.8,454,https://www.myntra.com/tshirts/moda+rapido/moda-rapido-men-self-design-polo-collar-t-shirt/33621042/buy
Logo Lounge T-shirts,U.S. Polo Assn.,Men's T-Shirts,699.0,671.0,4.2,691,https://www.myntra.com/lounge-tshirts/u.s.+polo+assn./us-polo-assn-embroidered-logo-pure-cotton-lounge-t-shirts/22492612/buy
Men Solid Cotton Polo T-shirt,NOBERO,Men's T-Shirts,2299.0,799.0,4.4,32,https://www.myntra.com/tshirts/nobero/nobero-men-solid-polo-collar-cotton-t-shirt/32643893/buy
Striped Polo Collar T-shirt,max,Men's T-Shirts,699.0,549.0,4.5,1900,https://www.myntra.com/tshirts/max/max-striped-polo-collar-t-shirt/26699936/buy
Men Printed Oversized T-shirt,NOBERO,Men's T-Shirts,1799.0,499.0,4.4,607,https://www.myntra.com/tshirts/nobero/nobero-men-oversized-graphic-printed-cotton-t-shirt/30461446/buy
Pure Cotton Slim Polo T-shirt,U.S. Polo Assn.,Men's T-Shirts,1499.0,1004.0,4.3,7,https://www.myntra.com/tshirts/u.s.+polo+assn./us-polo-assn-pure-cotton-slim-fit-polo-collar-t-shirt/34032863/buy
Men Lounge T-Shirts,DAMENSCH,Men's T-Shirts,599.0,467.0,4.5,327,https://www.myntra.com/lounge-tshirts/damensch/damensch-ultralight-basic-crew-men-pure-cotton-lounge-t-shirts/30205298/buy
Men Lounge T-shirt,max,Men's T-Shirts,599.0,499.0,4.2,584,https://www.myntra.com/lounge-tshirts/max/max-men-rust-coral-lounge-t-shirt/20961922/buy
Slim Pure Cotton T-shirt,U.S. Polo Assn.,Men's T-Shirts,1699.0,1223.0,,0,https://www.myntra.com/tshirts/u.s.+polo+assn./us-polo-assn-slim-fit-polo-collar-pure-cotton-t-shirt/34032859/buy
Cotton Oversized T-Shirt,NOBERO,Men's T-Shirts,1799.0,499.0,4.3,1900,https://www.myntra.com/tshirts/nobero/nobero-graphic-printed-drop-shoulder-sleeves-cotton-oversized-t-shirt/28699080/buy
Pure Cotton Oversized T-shirt,LAUREN ADAMS,Men's T-Shirts,1499.0,449.0,3.9,13,https://www.myntra.com/tshirts/lauren+adams/lauren-adams-typography-printed-round-neck-drop-shoulder-pure-cotton-oversized-t-shirt/35437911/buy
Pure Cotton Slim Fit T-shirt,U.S. Polo Assn.,Men's T-Shirts,1999.0,1339.0,4.8,76,https://www.myntra.com/tshirts/u.s.+polo+assn./us-polo-assn-striped-polo-collar-pure-cotton-slim-fit-t-shirt/32410260/buy
Unisex Cotton Pockets T-shirt,BROWN BROTHERS,Men's T-Shirts,1299.0,454.0,4.3,27,https://www.myntra.com/tshirts/brown+brothers/brown-brothers-unisex-pure-cotton-round-neck-short-sleeves-oversized-pockets-t-shirt/29027526/buy
Ultralight Basic Crew T-Shirt,DAMENSCH,Men's T-Shirts,599.0,497.0,4.4,216,https://www.myntra.com/lounge-tshirts/damensch/damensch-ultralight-basic-crew-pure-cotton-lounge-t-shirts/30205302/buy
Men Casca Regular Fit Polo,RARE RABBIT,Men's T-Shirts,3499.0,1749.0,4.1,287,https://www.myntra.com/tshirts/rare+rabbit/rare-rabbit-men-casca-polo-collar-cotton-slim-fit-t-shirt/23518072/buy
Solid Athleisure T-shirt,U.S. Polo Assn.,Men's T-Shirts,699.0,643.0,4.2,968,https://www.myntra.com/lounge-tshirts/u.s.+polo+assn./us-polo-assn-men-black-solid-round-neck-athleisure-t-shirt/9168523/buy
Men Oversized Printed T-shirt,NOBERO,Men's T-Shirts,1799.0,499.0,4.5,367,https://www.myntra.com/tshirts/nobero/nobero-men-oversized-graphic-printed-cotton-t-shirt/30461458/buy
Pure Cotton Slim Fit T-shirt,U.S. Polo Assn.,Men's T-Shirts,1499.0,659.0,4.4,275,https://www.myntra.com/tshirts/u.s.+polo+assn./us-polo-assn-polo-collar-pure-cotton-slim-fit-t-shirt/30427453/buy
Ultralight Crew Cotton T-Shirt,DAMENSCH,Men's T-Shirts,599.0,467.0,4.2,133,https://www.myntra.com/lounge-tshirts/damensch/damensch-ultralight-basic-crew-pure-cotton-lounge-t-shirts/30205300/buy
Printed Training T-shirt,HRX by Hrithik Roshan,Men's T-Shirts,699.0,300.0,4.4,115,https://www.myntra.com/tshirts/hrx+by+hrithik+roshan/hrx-by-hrithik-roshan-printed-training-t-shirt/26696672/buy
Pure Cotton Slim Fit T-shirt,U.S. Polo Assn.,Men's T-Shirts,1699.0,1223.0,4.6,67,https://www.myntra.com/tshirts/u.s.+polo+assn./us-polo-assn-polo-collar-pure-cotton-slim-fit-t-shirt/30427732/buy
Lightweight Lounge T-shirt,U.S. Polo Assn.,Men's T-Shirts,699.0,678.0,4.4,289,https://www.myntra.com/lounge-tshirts/u.s.+polo+assn./us-polo-assn-men-brand-logo-printed-pure-cotton-lightweight-lounge-t-shirt/22492600/buy
Slim Fit Cotton T-shirt,Crocodile,Men's T-Shirts,,,4.0,104,https://www.myntra.com/tshirts/crocodile/crocodile-polo-collar-slim-fit-cotton-t-shirt/23398174/buy
Pure Cotton Slim Fit T-shirt,U.S. Polo Assn.,Men's T-Shirts,1999.0,1239.0,4.8,12,https://www.myntra.com/tshirts/u.s.+polo+assn./us-polo-assn-striped-polo-collar-pure-cotton-slim-fit-t-shirt/32410236/buy
Polo Collar Lounge Tshirts,Lux Cozi,Men's T-Shirts,419.0,335.0,4.0,232,https://www.myntra.com/lounge-tshirts/lux+cozi/lux-cozi-polo-collar-lounge-tshirts/28138236/buy
Men Typography Printed Polo Collar T-shirt,JUMPCUTS,Men's T-Shirts,1799.0,499.0,2.7,179,https://www.myntra.com/tshirts/jumpcuts/jumpcuts-men-typography-printed-polo-collar-t-shirt/32571698/buy
Men Printed Cotton T-shirt,RARE RABBIT,Men's T-Shirts,1999.0,1339.0,4.5,10,https://www.myntra.com/tshirts/rare+rabbit/rare-rabbit-men-typography-printed-round-neck-cotton-t-shirt/31397201/buy
Cotton Oversized T-Shirt,KAIDO,Men's T-Shirts,1139.0,399.0,3.9,8,https://www.myntra.com/tshirts/kaido/kaido-graphic-printed-round-neck-drop-shoulder-sleeves-cotton-oversized-t-shirt/34755211/buy
Cotton Lounge Tshirts,max,Men's T-Shirts,599.0,499.0,4.3,529,https://www.myntra.com/lounge-tshirts/max/max-men-blue-cotton-lounge-tshirts/20961950/buy
Self Design Cotton T-Shirt,RARE RABBIT,Men's T-Shirts,4199.0,2099.0,4.1,112,https://www.myntra.com/tshirts/rare+rabbit/rare-rabbit-men-lincos-polo-collar-slim-fit-cotton-t-shirt/25763342/buy
Pure Cotton Lounge T-Shirts,DAMENSCH,Men's T-Shirts,599.0,497.0,4.5,328,https://www.myntra.com/lounge-tshirts/damensch/damensch-ultralight-basic-crew-pure-cotton-lounge-t-shirts/30205303/buy
Pure Cotton T-shirt,Being Human,Men's T-Shirts,799.0,351.0,4.2,51,https://www.myntra.com/tshirts/being+human/being-human-pure-cotton-t-shirt-with-minimal-print/29620558/buy
Pure Cotton Slim Polo T-shirt,U.S. Polo Assn.,Men's T-Shirts,1499.0,1004.0,4.5,34,https://www.myntra.com/tshirts/u.s.+polo+assn./us-polo-assn-pure-cotton-slim-fit-polo-collar-t-shirt/34032823/buy
Self Design T-Shirt,VeBNoR,Men's T-Shirts,999.0,299.0,3.7,34,https://www.myntra.com/tshirts/vebnor/vebnor-self-design-polo-collar-t-shirt/33921444/buy
Round-Neck Training T-shirt,HRX by Hrithik Roshan,Men's T-Shirts,699.0,300.0,4.4,27,https://www.myntra.com/tshirts/hrx+by+hrithik+roshan/hrx-by-hrithik-roshan-round-neck-training-t-shirt-with-reflective-elements/33081763/buy
Polo Collar T-shirt,MANGO MAN,Men's T-Shirts,3690.0,2398.0,4.2,6,https://www.myntra.com/tshirts/mango+man/mango-man-polo-collar-t-shirt/33185486/buy
Pure Cotton Oversized T-shirt,BDSQUARE,Men's T-Shirts,2499.0,399.0,4.5,123,https://www.myntra.com/tshirts/bdsquare/bdsquare-just-chill-shin-chan-printed-round-neck-pure-cotton-oversized-t-shirt/34972468/buy
Men Self Design Cotton T-shirt,Campus Sutra,Men's T-Shirts,1699.0,696.0,4.4,1400,https://www.myntra.com/tshirts/campus+sutra/campus-sutra-men-self-design-polo-collar-cotton-t-shirt/32193132/buy
Printed Pure Cotton T-shirt,U.S. Polo Assn. Denim Co.,Men's T-Shirts,999.0,669.0,,0,https://www.myntra.com/tshirts/u.s.+polo+assn.+denim+co./us-polo-assn-denim-co-typography-printed-pure-cotton-t-shirt/34032144/buy
Antimicrobial T-shirt,Technosport,Men's T-Shirts,,,4.3,535,https://www.myntra.com/tshirts/technosport/technosport-polo-collar-regular-fit-antimicrobial-training-or-gym-t-shirt/22172230/buy
Rapid Dry Training T-Shirt,HRX by Hrithik Roshan,Men's T-Shirts,699.0,300.0,4.1,104,https://www.myntra.com/tshirts/hrx+by+hrithik+roshan/hrx-by-hrithik-roshan-rapid-dry-printed-training-t-shirt/30659491/buy
Cotton Slim Fit T-shirt,U.S. Polo Assn. Denim Co.,Men's T-Shirts,2199.0,1473.0,4.0,29,https://www.myntra.com/tshirts/u.s.+polo+assn.+denim+co./us-polo-assn-denim-co-men-colourblocked-polo-collar-pure-cotton-slim-fit-t-shirt/32409791/buy
Men Polo Collar T-shirt,Roadster,Men's T-Shirts,1299.0,519.0,3.9,640,https://www.myntra.com/tshirts/roadster/roadster-men-polo-collar-pure-cotton-t-shirt/26583612/buy
Printed Oversized T-shirt,Bewakoof,Men's T-Shirts,1299.0,599.0,4.3,369,https://www.myntra.com/tshirts/bewakoof/bewakoof-brown-graphic-printed-drop-shoulder-oversized-cotton-t-shirt/25641378/buy
Men Polf Regular Fit Polo,RARE RABBIT,Men's T-Shirts,3599.0,2051.0,4.6,63,https://www.myntra.com/tshirts/rare+rabbit/rare-rabbit-men-polf-polo-collar-short-sleeves-t-shirt/29318784/buy
Men Printed Polo Collar T-shirt,Roadster,Men's T-Shirts,1399.0,531.0,4.3,564,https://www.myntra.com/tshirts/roadster/roadster-men-rust--black-printed-pure-cotton-polo-collar-t-shirt/17330640/buy
Men Polo Collar T-shirt,Moda Rapido,Men's T-Shirts,1499.0,344.0,3.7,374,https://www.myntra.com/tshirts/moda+rapido/moda-rapido-men-checked-polo-collar-t-shirt/33621045/buy
Men Cotton Round Neck T-shirt,GANT,Men's T-Shirts,4999.0,2499.0,,0,https://www.myntra.com/tshirts/gant/gant-men-colourblocked-round-neck-cotton-t-shirt/32708382/buy
Men Printed Cotton T-shirt,Roadster,Men's T-Shirts,999.0,399.0,3.8,853,https://www.myntra.com/tshirts/roadster/roadster-men-navy-blue-printed-pure-cotton-t-shirt/16245558/buy
Textured Oversized T-Shirt,Maniac,Men's T-Shirts,1569.0,479.0,4.3,982,https://www.myntra.com/tshirts/maniac/maniac-abstract-round-neck-t-shirt/28727816/buy
Pure Cotton Slim Fit T-shirt,U.S. Polo Assn.,Men's T-Shirts,1699.0,1138.0,4.6,74,https://www.myntra.com/tshirts/u.s.+polo+assn./us-polo-assn-polo-collar-pure-cotton-slim-fit-t-shirt/29338248/buy
Ultralight Basic Crew T-Shirt,DAMENSCH,Men's T-Shirts,599.0,467.0,4.5,200,https://www.myntra.com/lounge-tshirts/damensch/damensch-ultralight-basic-crew-pure-cotton-lounge-t-shirts/30205299/buy
Polo Collar T-shirt,HRX by Hrithik Roshan,Men's T-Shirts,899.0,368.0,4.3,203,https://www.myntra.com/tshirts/hrx+by+hrithik+roshan/hrx-by-hrithik-roshan-men-polo-collar-t-shirt/29714118/buy
Men Polo Collar T-shirt,THE BEAR HOUSE,Men's T-Shirts,,,4.5,24,https://www.myntra.com/tshirts/the+bear+house/the-bear-house-men-polo-collar-t-shirt/33116090/buy
Men Rapid-Dry T-shirt,HRX by Hrithik Roshan,Men's T-Shirts,1099.0,494.0,3.9,96,https://www.myntra.com/tshirts/hrx+by+hrithik+roshan/hrx-by-hrithik-roshan-men-rapid-dry-compression-t-shirt/33490839/buy
Ultralight Basic Crew T-Shirt,DAMENSCH,Men's T-Shirts,599.0,467.0,4.6,187,https://www.myntra.com/lounge-tshirts/damensch/damensch-men-ultralight-basic-crew-pure-cotton-lounge-t-shirts/30205305/buy
Cotton Slim Fit Polo T-shirt,U.S. Polo Assn.,Men's T-Shirts,1499.0,1079.0,3.2,22,https://www.myntra.com/tshirts/u.s.+polo+assn./us-polo-assn-polo-collar-pure-cotton-slim-fit-t-shirt/34032901/buy
Solid Round Lounge T-shirt,Levis,Men's T-Shirts,649.0,382.0,4.3,1700,https://www.myntra.com/lounge-tshirts/levis/levis-men-soft-pure-cotton-round-neck-half-sleeve-tshirt/12027428/buy
Regular Fit Round-Neck T-Shirt,H&M,Men's T-Shirts,,,4.2,700,https://www.myntra.com/tshirts/h%26m/hm-regular-fit-round-neck-t-shirt/31910747/buy
Thermoregulating Polo T-shirt,DAMENSCH,Men's T-Shirts,1299.0,948.0,4.4,952,https://www.myntra.com/tshirts/damensch/damensch-men-solid-thermoregulating-regular-fit-2-button-polo-t-shirt/16470314/buy
Men Printed T-shirt,NOBERO,Men's T-Shirts,1799.0,499.0,4.4,202,https://www.myntra.com/tshirts/nobero/nobero-men-printed-t-shirt/31715526/buy
Oversized Cotton T-Shirt,TOGS & TERRE,Men's T-Shirts,1499.0,331.0,3.8,34,https://www.myntra.com/tshirts/togs+%26+terre/togs--terre-deadpool-printed-drop-shoulder-sleeves-oversized-organic-cotton-t-shirt/35524498/buy
Men Stark Graphic T-Shirt,RARE RABBIT,Men's T-Shirts,2499.0,1324.0,4.5,101,https://www.myntra.com/tshirts/rare+rabbit/rare-rabbit-men-stark-typographic-printed-regular-fit-t-shirt/28354600/buy
Polo Collar Sports T-shirt,Kappa,Men's T-Shirts,799.0,639.0,4.5,1200,https://www.myntra.com/tshirts/kappa/kappa-polo-collar-sports-t-shirt/22578608/buy
Men Printed Oversized Tshirt,Maniac,Men's T-Shirts,1569.0,579.0,4.2,446,https://www.myntra.com/tshirts/maniac/maniac-men-abstract-printed-neck-cotton-oversized-tshirt/30281496/buy
Printed Polo Collar T-shirt,Park Avenue,Men's T-Shirts,1599.0,608.0,4.6,41,https://www.myntra.com/tshirts/park+avenue/park-avenue-printed-polo-collar-slim-fit-t-shirt/29314386/buy
Rapid-Dry Training T-shirt,HRX by Hrithik Roshan,Men's T-Shirts,699.0,300.0,4.4,228,https://www.myntra.com/tshirts/hrx+by+hrithik+roshan/hrx-by-hrithik-roshan-brand-logo-printed-rapid-dry-training-t-shirt/28985478/buy
Solid V-Neck T-shirt,U.S. Polo Assn.,Men's T-Shirts,699.0,622.0,4.0,107,https://www.myntra.com/lounge-tshirts/u.s.+polo+assn./us-polo-assn-men-white-solid-v-neck-t-shirt/9918289/buy
Men Printed Cotton T-shirt,Levis,Men's T-Shirts,,,,0,https://www.myntra.com/tshirts/levis/levis-men-brand-logo-printed-round-neck-cotton-t-shirt/35985564/buy
Men Printed Cotton T-shirt,KAIDO,Men's T-Shirts,1139.0,389.0,3.9,306,https://www.myntra.com/tshirts/kaido/kaido-men-graphic-printed-round-neck-pure-cotton-relaxed-fit-t-shirt/32231148/buy
Polo Collar Lounge Tshirts,Lux Cozi,Men's T-Shirts,419.0,335.0,4.2,964,https://www.myntra.com/lounge-tshirts/lux+cozi/lux-cozi-polo-collar-lounge-tshirts/28138228/buy
Slim Pure Cotton T-shirt,U.S. Polo Assn.,Men's T-Shirts,1699.0,1223.0,,0,https://www.myntra.com/tshirts/u.s.+polo+assn./us-polo-assn-slim-fit-polo-collar-pure-cotton-t-shirt/34032985/buy
Printed Round Neck T-shirt,Moda Rapido,Men's T-Shirts,2499.0,349.0,3.1,49,https://www.myntra.com/tshirts/moda+rapido/moda-rapido-varsity-printed-round-neck-sleeveless-t-shirt/35217181/buy
Printed Anti Odour Gym T-shirt,FUAARK,Men's T-Shirts,1599.0,623.0,4.5,353,https://www.myntra.com/tshirts/fuaark/fuaark-slim-fit-typography-printed-raglan-sleeves-anti-odour--gym-t-shirt/22766852/buy
Pure Cotton Slim Fit T-shirt,U.S. Polo Assn.,Men's T-Shirts,1699.0,1138.0,4.4,56,https://www.myntra.com/tshirts/u.s.+polo+assn./us-polo-assn-polo-collar-pure-cotton-slim-fit-t-shirt/30427579/buy
Men Polo Collar T-shirt,VeBNoR,Men's T-Shirts,999.0,299.0,3.9,357,https://www.myntra.com/tshirts/vebnor/vebnor-men-solid-polo-collar-t-shirt/32370535/buy
Men Typography Printed Polo Collar T-shirt,Roadster,Men's T-Shirts,1499.0,569.0,4.3,1300,https://www.myntra.com/tshirts/roadster/roadster-men-typography-printed-polo-collar-pure-cotton-t-shirt/26583614/buy
Men Cotton Polo Collar T-shirt,THE BEAR HOUSE,Men's T-Shirts,,,4.4,14,https://www.myntra.com/tshirts/the+bear+house/the-bear-house-men-colourblocked-polo-collar-cotton-slim-fit-t-shirt/32665787/buy
Rapid-Dry Running T-shirt,HRX by Hrithik Roshan,Men's T-Shirts,699.0,307.0,4.3,582,https://www.myntra.com/tshirts/hrx+by+hrithik+roshan/hrx-by-hrithik-roshan-printed-rapid-dry-running-t-shirt/25861068/buy
Unisex Printed Cotton T-shirt,Rigo,Men's T-Shirts,1599.0,639.0,3.5,33,https://www.myntra.com/tshirts/rigo/rigo-unisex-typography-printed-round-neck-cotton-oversized-t-shirt/33281220/buy
Men Raw Edge T-shirt,RARE RABBIT,Men's T-Shirts,3499.0,1819.0,3.8,18,https://www.myntra.com/tshirts/rare+rabbit/rare-rabbit-men-raw-edge-t-shirt/30149162/buy
Men Polo Collar T-shirt,The Indian Garage Co,Men's T-Shirts,1549.0,496.0,4.3,805,https://www.myntra.com/tshirts/the+indian+garage+co/the-indian-garage-co-men-solid-polo-collar-t-shirt/23053334/buy
Men Striped Cotton T-shirt,Maniac,Men's T-Shirts,1719.0,589.0,4.4,116,https://www.myntra.com/tshirts/maniac/maniac-men-striped-round-neck-cotton-oversized-t-shirt/33826565/buy
Colourblocked Cotton T-shirt,Tommy Hilfiger,Men's T-Shirts,3999.0,2399.0,4.5,6,https://www.myntra.com/tshirts/tommy+hilfiger/tommy-hilfiger-men-colourblocked-polo-collar-cotton-t-shirt/32154656/buy
Printed Cotton Basic Vest,Pepe Jeans,Men's T-Shirts,649.0,408.0,4.0,14,https://www.myntra.com/lounge-tshirts/pepe+jeans/pepe-jeans-printed-cotton-basic-vest-8909345003405/34859112/buy
Polo Collar Cotton T-shirt,Pepe Jeans,Men's T-Shirts,1299.0,623.0,4.3,98,https://www.myntra.com/tshirts/pepe+jeans/pepe-jeans-polo-collar-pure-cotton-t-shirt/33114262/buy
Men Zyte Regular Fit Polo,RARE RABBIT,Men's T-Shirts,3899.0,1910.0,4.0,85,https://www.myntra.com/tshirts/rare+rabbit/rare-rabbit-men-cotton-polo-collar-raw-edge-t-shirt/30097170/buy
Pure Cotton Lounge T-shirt,DAMENSCH,Men's T-Shirts,799.0,695.0,4.5,439,https://www.myntra.com/lounge-tshirts/damensch/damensch-neo-cool-pure-cotton-pocket-print-tank-top/19563328/buy
Self Design T-shirt,Kook N Keech,Men's T-Shirts,1499.0,299.0,4.0,311,https://www.myntra.com/tshirts/kook+n+keech/kook-n-keech-men-self-design-t-shirt/32605275/buy
Polo Collar Cotton T-shirt,Tommy Hilfiger,Men's T-Shirts,4599.0,2989.0,,0,https://www.myntra.com/tshirts/tommy+hilfiger/tommy-hilfiger-brand-logo-printed-polo-collar-pure-cotton-t-shirt/34850652/buy
Polo Collar Lounge Tshirts,Lux Cozi,Men's T-Shirts,,,4.1,279,https://www.myntra.com/lounge-tshirts/lux+cozi/lux-cozi-polo-collar-lounge-tshirts/28138208/buy
Printed Oversized T-shirt,Maniac,Men's T-Shirts,1659.0,589.0,4.3,6300,https://www.myntra.com/tshirts/maniac/maniac-raglan-sleeves-typography-printed-oversized-t-shirt/22208880/buy
Men Colourblocked Polo Collar Slim Fit T-shirt,U.S. Polo Assn.,Men's T-Shirts,2299.0,1425.0,4.1,16,https://www.myntra.com/tshirts/u.s.+polo+assn./us-polo-assn-men-colourblocked-polo-collar-pure-cotton-slim-fit-t-shirt/32410420/buy
Oversized Graphic T-shirt,NOBERO,Men's T-Shirts,1799.0,499.0,4.5,274,https://www.myntra.com/tshirts/nobero/nobero-men-oversized-graphic-printed-t-shirt/33055559/buy
Men T-shirt Relaxed Fit,H&M,Men's T-Shirts,,,4.3,2200,https://www.myntra.com/lounge-tshirts/h%26m/hm-men-black-t-shirt-relaxed-fit/11655366/buy
Polo Collar Cotton T-shirt,Tommy Hilfiger,Men's T-Shirts,2999.0,1799.0,,0,https://www.myntra.com/tshirts/tommy+hilfiger/tommy-hilfiger-polo-collar-cotton-t-shirt/34027007/buy
Printed Round Neck T-shirt,AUSK,Men's T-Shirts,1999.0,249.0,3.5,321,https://www.myntra.com/tshirts/ausk/ausk-men-animal-printed-round-neck-cotton-t-shirt/33186524/buy
Rapid-Dry Football T-shirt,HRX by Hrithik Roshan,Men's T-Shirts,899.0,368.0,4.1,246,https://www.myntra.com/tshirts/hrx+by+hrithik+roshan/hrx-by-hrithik-roshan-brand-logo-printed-rapid-dry-football-t-shirt/23542780/buy
Men Solid Cotton T-shirt,Tommy Hilfiger,Men's T-Shirts,3999.0,2599.0,,0,https://www.myntra.com/tshirts/tommy+hilfiger/tommy-hilfiger-men-solid-round-neck-cotton-t-shirt/34800464/buy
Polo Collar Lounge Tshirts,Lux Cozi,Men's T-Shirts,,,4.1,174,https://www.myntra.com/lounge-tshirts/lux+cozi/lux-cozi-polo-collar-lounge-tshirts/28138216/buy
Plus Size Polo Collar T-shirt,Sztori,Men's T-Shirts,1599.0,607.0,4.8,16,https://www.myntra.com/tshirts/sztori/sztori-plus-size-typography-printed-polo-collar-t-shirt/32689133/buy
Polo Collar Cotton T-shirt,NOBERO,Men's T-Shirts,2299.0,799.0,4.3,48,https://www.myntra.com/tshirts/nobero/nobero-men-solid-cotton-polo-collar-t-shirt/33648498/buy
Men Typography Printed T-shirt,HRX by Hrithik Roshan,Men's T-Shirts,1499.0,494.0,3.9,312,https://www.myntra.com/tshirts/hrx+by+hrithik+roshan/hrx-by-hrithik-roshan-men-typography-printed-t-shirt/29226794/buy
Men Solid T-shirt,Jockey,Men's T-Shirts,,,4.1,53,https://www.myntra.com/tshirts/jockey/jockey-super-combed-cotton-round-neck-solid-half-sleeve-t-shirt---am69/31223777/buy
Men Polo Collar T-shirt,GANT,Men's T-Shirts,6499.0,3249.0,4.5,35,https://www.myntra.com/tshirts/gant/gant-men-embroidered-chest-graphic-pure-cotton-polo-collar-t-shirt/32877376/buy
Pack of 3 Cotton T-shirts,max,Men's T-Shirts,749.0,636.0,4.3,175,https://www.myntra.com/lounge-tshirts/max/max-pack-of-2-men-solid-t-shirt/30250881/buy
Pure Cotton Oversized T-shirt,BDSQUARE,Men's T-Shirts,2499.0,399.0,4.3,41,https://www.myntra.com/tshirts/bdsquare/bdsquare-mr-bean-printed-round-neck-pure-cotton-oversized-t-shirt/34972469/buy
Cotton Slim Fit T-shirt,U.S. Polo Assn.,Men's T-Shirts,1999.0,1339.0,4.4,30,https://www.myntra.com/tshirts/u.s.+polo+assn./us-polo-assn-men-striped-polo-collar-pure-cotton-slim-fit-t-shirt/32410391/buy
Men Solid Polo T-shirt,VeBNoR,Men's T-Shirts,999.0,299.0,3.7,31,https://www.myntra.com/tshirts/vebnor/vebnor-men-solid-polo-collar-t-shirt/34912779/buy
Antimicrobial Slim Fit T-shirt,Technosport,Men's T-Shirts,,,4.4,662,https://www.myntra.com/tshirts/technosport/technosport-men-antimicrobial-slim-fit-t-shirt/23201906/buy
Pure Cotton Slim Fit T-shirt,U.S. Polo Assn.,Men's T-Shirts,999.0,669.0,4.7,11,https://www.myntra.com/tshirts/u.s.+polo+assn./us-polo-assn-pure-cotton-brand-logo-printed-slim-fit-t-shirt/34033021/buy
Rapid-Dry Training T-shirt,HRX by Hrithik Roshan,Men's T-Shirts,899.0,368.0,4.3,132,https://www.myntra.com/tshirts/hrx+by+hrithik+roshan/hrx-by-hrithik-roshan-rapid-dry-printed-training-t-shirt/28619266/buy
Pure Cotton Oversized T-shirt,THE HOLLANDER,Men's T-Shirts,1049.0,430.0,4.3,3500,https://www.myntra.com/tshirts/the+hollander/the-hollander-graphic-printed-drop-shoulder-sleeves-oversized-cotton-t-shirt/24476008/buy
Pure Cotton Slim Fit T-shirt,U.S. Polo Assn.,Men's T-Shirts,1499.0,1079.0,4.4,54,https://www.myntra.com/tshirts/u.s.+polo+assn./us-polo-assn-pure-cotton-polo-collar-slim-fit-t-shirt/30427328/buy
Men Printed Round Neck T-shirt,Coitonic,Men's T-Shirts,,,4.3,46,https://www.myntra.com/tshirts/coitonic/coitonic-men-typography-printed-round-neck-compression-t-shirt/32185863/buy
Men Typography Printed T-shirt,NOBERO,Men's T-Shirts,1499.0,499.0,4.1,240,https://www.myntra.com/tshirts/nobero/nobero-men-typography-printed-t-shirt/33055567/buy
Pure Cotton Slim Fit T-shirt,U.S. Polo Assn.,Men's T-Shirts,1699.0,1223.0,4.6,40,https://www.myntra.com/tshirts/u.s.+polo+assn./us-polo-assn-polo-collar-pure-cotton-slim-fit-t-shirt/30427536/buy
Polo Collar Lounge Tshirts,Lux Cozi,Men's T-Shirts,,,4.2,424,https://www.myntra.com/lounge-tshirts/lux+cozi/lux-cozi-polo-collar-lounge-tshirts/28138186/buy
Statement Waffle Tank Tops,DAMENSCH,Men's T-Shirts,799.0,751.0,4.5,215,https://www.myntra.com/lounge-tshirts/damensch/damensch-statement-waffle-premium-waffle-texture-colours-by-high-iq-dyes-tank-tops/28874526/buy
Slim Pure Cotton T-shirt,U.S. Polo Assn.,Men's T-Shirts,1699.0,1223.0,3.9,9,https://www.myntra.com/tshirts/u.s.+polo+assn./us-polo-assn-slim-fit-polo-collar-pure-cotton-t-shirt/34032921/buy
Cotton Slim Fit T-shirt,Blackberrys,Men's T-Shirts,,,,0,https://www.myntra.com/tshirts/blackberrys/blackberrys-geometric-self-design-cotton-slim-fit-t-shirt/35052859/buy
Pure Cotton Lounge T-shirts,U.S. Polo Assn.,Men's T-Shirts,699.0,657.0,4.3,283,https://www.myntra.com/lounge-tshirts/u.s.+polo+assn./us-polo-assn-embroidered-logo-pure-cotton-lounge-t-shirts/22492620/buy
Printed Cotton T-shirt,BULLMER,Men's T-Shirts,1499.0,389.0,3.8,8700,https://www.myntra.com/tshirts/bullmer/bullmer-beige--blue-graphic-printed-cotton-t-shirt/24014310/buy
Pure Cotton Slim Fit T-shirt,U.S. Polo Assn. Denim Co.,Men's T-Shirts,1299.0,870.0,,0,https://www.myntra.com/tshirts/u.s.+polo+assn.+denim+co./us-polo-assn-denim-co-brand-logo-printed-pure-cotton-slim-fit-t-shirt/34032171/buy
Men Printed Raw Edge T-shirt,PRONK,Men's T-Shirts,1499.0,649.0,4.0,289,https://www.myntra.com/tshirts/pronk/pronk-men-printed-raw-edge-t-shirt/30967641/buy
Printed Crew Neck T-shirt,BULLMER,Men's T-Shirts,1499.0,399.0,2.4,17,https://www.myntra.com/tshirts/bullmer/bullmer-graphic-printed-crew-neck-drop-shoulder-oversized-t-shirt/35572188/buy
Striped Slim Fit T-shirt,Pepe Jeans,Men's T-Shirts,,,,0,https://www.myntra.com/tshirts/pepe+jeans/pepe-jeans-striped-crew-neck-slim-fit-t-shirt/35784662/buy
Men Polo Collar T-shirt,max,Men's T-Shirts,,,4.3,3300,https://www.myntra.com/tshirts/max/max-men-black-polo-collar-t-shirt/16761982/buy
Rapid-dry Training T-shirt,HRX by Hrithik Roshan,Men's T-Shirts,899.0,368.0,4.0,200,https://www.myntra.com/tshirts/hrx+by+hrithik+roshan/hrx-by-hrithik-roshan-polo-collar-rapid-dry-training-relaxed-t-shirt/29010996/buy
Anti Stain Anti Odor T-Shirt,TURMS,Men's T-Shirts,2199.0,1799.0,4.2,106,https://www.myntra.com/tshirts/turms/turms-men-solid-polo-collar-half-sleeves-stain-and-water-repellent-cotton-tshirt/25634352/buy
Polo Collar Cotton T-shirt,Rigo,Men's T-Shirts,1499.0,419.0,4.2,1500,https://www.myntra.com/tshirts/rigo/rigo-polo-collar-waffle-knit-cotton-t-shirt/25181318/buy
Colourblocked Polo Pure Cotton T-shirt,Roadster,Men's T-Shirts,1399.0,559.0,4.0,469,https://www.myntra.com/tshirts/roadster/roadster-men-blue-colourblocked-polo-collar-pure-cotton-t-shirt/12905348/buy
Polo Collar Slim Fit T-shirt,U.S. Polo Assn.,Men's T-Shirts,1499.0,1004.0,4.3,94,https://www.myntra.com/tshirts/u.s.+polo+assn./us-polo-assn-polo-collar-pure-cotton-slim-fit-t-shirt/29338352/buy
Pure Cotton Printed T-shirt,Levis,Men's T-Shirts,999.0,549.0,4.2,207,https://www.myntra.com/tshirts/levis/levis-pure-cotton-typography-printed-t-shirt/31639674/buy
Printed Organic Cotton T-Shirt,TOGS & TERRE,Men's T-Shirts,1499.0,331.0,3.3,20,https://www.myntra.com/tshirts/togs+%26+terre/togs--terre-deadpool-printed-drop-shoulder-sleeves-organic-cotton-oversized-t-shirt/35524480/buy
Men Solid Polo Collar T-shirt,GANT,Men's T-Shirts,6999.0,3149.0,,0,https://www.myntra.com/tshirts/gant/gant-men-solid-short-sleeve-polo-collar-t-shirt/32708153/buy
Brand Logo Printed T-shirt,Being Human,Men's T-Shirts,799.0,351.0,4.8,9,https://www.myntra.com/tshirts/being+human/being-human-brand-logo-printed-pure-cotton-t-shirt/29620522/buy
Men Striped Polo Collar Pockets Slim Fit T-shirt,Crocodile,Men's T-Shirts,,,3.8,116,https://www.myntra.com/tshirts/crocodile/crocodile-men-striped-polo-collar-pockets-slim-fit-t-shirt/27986124/buy
Printed Cotton Slim T-shirt,U.S. Polo Assn. Denim Co.,Men's T-Shirts,2199.0,1363.0,,0,https://www.myntra.com/tshirts/u.s.+polo+assn.+denim+co./us-polo-assn-denim-co-printed-polo-collar-pure-cotton-slim-fit-t-shirt/32409623/buy
Men Printed Oversized T-shirt,VEIRDO,Men's T-Shirts,1199.0,395.0,4.0,224,https://www.myntra.com/tshirts/veirdo/veirdo-men-typography-printed-raglan-sleeves-oversized-pure-cotton-t-shirt/30388056/buy
Move All Day Fly Dry T-shirt,CULT,Men's T-Shirts,1199.0,683.0,4.4,743,https://www.myntra.com/tshirts/cult/cult-move-all-day-comfortech-t-shirt/26701534/buy
Breeze Elemental T-Shirt,DAMENSCH,Men's T-Shirts,799.0,751.0,4.2,182,https://www.myntra.com/tshirts/damensch/damensch-breeze-elemental-pocket-t-shirt/29832576/buy
Printed Round Neck T-shirt,Roadster,Men's T-Shirts,999.0,370.0,4.0,2000,https://www.myntra.com/tshirts/roadster/roadster-men-blue-printed-round-neck-t-shirt/12908462/buy
Men Solid Innerwear Vest,Jockey,Men's T-Shirts,,,4.5,1900,https://www.myntra.com/tshirts/jockey/jockey-combed-cotton-rib-round-neck-muscle-vest-9930/9866815/buy
Men Printed Oversized T-shirt,The Souled Store,Men's T-Shirts,,,5.0,8,https://www.myntra.com/tshirts/the+souled+store/the-souled-store-men-graphic-printed-round-neck-cotton-oversized-t-shirt/31362463/buy
Solid Polo Collar T-shirt,Roadster,Men's T-Shirts,1299.0,532.0,4.1,219,https://www.myntra.com/tshirts/roadster/the-roadster-life-co-solid-polo-collar-pure-cotton-t-shirt/26042996/buy
Brand Logo Polo Collar T-shirt,Status Quo,Men's T-Shirts,799.0,519.0,4.5,23,https://www.myntra.com/tshirts/status+quo/status-quo-men-brand-logo-polo-collar-regular-fit-t-shirt/35353258/buy
Men Printed Slim Fit T-shirt,Mufti,Men's T-Shirts,2299.0,942.0,3.9,14,https://www.myntra.com/tshirts/mufti/mufti-men-floral-printed-polo-collar-cotton-slim-fit-t-shirt/30959129/buy
Slim Tropical Printed Pure Cotton T-shirt,Urbano Fashion,Men's T-Shirts,1099.0,439.0,4.1,28100,https://www.myntra.com/tshirts/urbano+fashion/urbano-fashion-men-teal-green-slim-fit-tropical-printed-pure-cotton-t-shirt/12377258/buy
Printed Relaxed Fit T-shirt,MARVEL STREET,Men's T-Shirts,1299.0,480.0,3.9,18,https://www.myntra.com/tshirts/marvel+street/marvel-street-spiderman-printed-drop-shoulder-sleeves-pure-cotton-relaxed-fit-t-shirt/32285261/buy
Cotton Oversized T-shirt,The Souled Store,Men's T-Shirts,1499.0,849.0,4.4,74,https://www.myntra.com/tshirts/the+souled+store/the-souled-store-maroon-graphic-printed-drop-shoulder-sleeves-cotton-oversized-t-shirt/28904220/buy
Printed Round Neck T-shirt,Roadster,Men's T-Shirts,899.0,368.0,4.2,1600,https://www.myntra.com/tshirts/roadster/roadster-men-black--off-white-printed-round-neck-t-shirt/11545420/buy
Men Lounge Tshirts,XYXX,Men's T-Shirts,449.0,369.0,4.6,70,https://www.myntra.com/lounge-tshirts/xyxx/xyxx-pace-ultra-breezy-super-combed-cotton-solid-crew-neck-t-shirt/32463276/buy
Slim Pure Cotton T-shirt,U.S. Polo Assn.,Men's T-Shirts,1699.0,1223.0,,0,https://www.myntra.com/tshirts/u.s.+polo+assn./us-polo-assn-slim-fit-polo-collar-pure-cotton-t-shirt/34032959/buy
Men Plus Size Striped T-shirt,Sztori,Men's T-Shirts,1399.0,461.0,4.4,500,https://www.myntra.com/tshirts/sztori/sztori-men-plus-size-white--green-cotton-striped-t-shirt/13617160/buy
Men Rapid-Dry Training T-shirt,HRX by Hrithik Roshan,Men's T-Shirts,699.0,272.0,4.4,601,https://www.myntra.com/tshirts/hrx+by+hrithik+roshan/hrx-by-hrithik-roshan-men-geometric-placement-print-rapid-dry-training-t-shirt/25861036/buy
Europe Embroidered T-shirt,Tommy Hilfiger,Men's T-Shirts,3599.0,2879.0,,0,https://www.myntra.com/tshirts/tommy+hilfiger/tommy-hilfiger-europe-typography-embroidered-round-neck-casual-t-shirt/35008828/buy
Men Waffle Knit T-shirt,Roadster,Men's T-Shirts,1099.0,362.0,4.1,478,https://www.myntra.com/tshirts/roadster/the-roadster-lifestyle-co-men-blue-waffle-knit-t-shirt/16997644/buy
Men Polo Collar Pockets Slim Fit T-shirt,Metronaut,Men's T-Shirts,1999.0,299.0,3.8,125,https://www.myntra.com/tshirts/metronaut/metronaut-men-polo-collar-pockets-slim-fit-t-shirt/31649100/buy
Men Printed Polo Collar T-shirt,Louis Philippe,Men's T-Shirts,1999.0,1159.0,4.4,627,https://www.myntra.com/tshirts/louis+philippe/louis-philippe-men-maroon--black-printed-pure-cotton-polo-collar-t-shirt/19447398/buy
Anti Static Slim Fit T-shirt,Technosport,Men's T-Shirts,,,4.3,60,https://www.myntra.com/tshirts/technosport/technosport-men-anti-static-slim-fit-t-shirt/31320517/buy
Polo Collar T-shirt,Maniac,Men's T-Shirts,2799.0,699.0,4.4,965,https://www.myntra.com/tshirts/maniac/maniac-colourblocked-polo-collar-cotton-t-shirt/29808712/buy
Men Self Design Cotton T-shirt,Andamen,Men's T-Shirts,,,,0,https://www.myntra.com/tshirts/andamen/andamen-men-textured-cotton-regular-fit-polo-t-shirt/35439233/buy
Ultralight Basic Crew T-Shirt,DAMENSCH,Men's T-Shirts,599.0,497.0,4.5,213,https://www.myntra.com/lounge-tshirts/damensch/damensch-ultralight-basic-crew-pure-cotton-lounge-t-shirts/30205304/buy
Polo Collar Lounge Tshirts,Lux Cozi,Men's T-Shirts,,,4.2,573,https://www.myntra.com/lounge-tshirts/lux+cozi/lux-cozi-polo-collar-lounge-tshirts/28138206/buy
Pure Cotton Slim Fit T-shirt,U.S. Polo Assn. Denim Co.,Men's T-Shirts,999.0,669.0,,0,https://www.myntra.com/tshirts/u.s.+polo+assn.+denim+co./us-polo-assn-denim-co-brand-logo-printed-pure-cotton-slim-fit-t-shirt/34032107/buy
Men Anti Static T-shirt,Technosport,Men's T-Shirts,,,4.4,58,https://www.myntra.com/tshirts/technosport/technosport-men-anti-static-slim-fit-t-shirt/31320520/buy
Polo Collar Cotton T-Shirt,max,Men's T-Shirts,699.0,549.0,4.2,448,https://www.myntra.com/tshirts/max/max-polo-collar-pure-cotton-t-shirt/26699972/buy
Striped Polo Collar T-shirt,Louis Philippe,Men's T-Shirts,2499.0,1599.0,4.6,18,https://www.myntra.com/tshirts/louis+philippe/louis-philippe-striped-polo-collar-t-shirt/33085437/buy
Men Printed Cotton T-shirt,The Souled Store,Men's T-Shirts,1199.0,1049.0,4.8,5,https://www.myntra.com/tshirts/the+souled+store/the-souled-store-men-demon-slayer-graphic-printed-pure-cotton-relaxed-fit-t-shirt/35932317/buy
Men Printed Cotton T-shirt,Tommy Hilfiger,Men's T-Shirts,2999.0,2399.0,,0,https://www.myntra.com/tshirts/tommy+hilfiger/tommy-hilfiger-men-brand-logo-printed-round-neck-cotton-t-shirt/35355671/buy
Solid Polo Collar Pure Cotton T-shirt,Roadster,Men's T-Shirts,1299.0,519.0,4.1,2100,https://www.myntra.com/tshirts/roadster/roadster-men-green-solid-polo-collar-pure-cotton-t-shirt/2303711/buy
Logo Lounge T-shirts,U.S. Polo Assn.,Men's T-Shirts,699.0,629.0,4.4,294,https://www.myntra.com/lounge-tshirts/u.s.+polo+assn./us-polo-assn-embroidered-logo-pure-cotton-lounge-t-shirts/22492596/buy
Floral Printed Cotton T-shirt,Mufti,Men's T-Shirts,2199.0,593.0,4.2,78,https://www.myntra.com/tshirts/mufti/mufti-floral-printed-polo-collar-slim-fit-pure-cotton-t-shirt/24155852/buy
Men Printed T-shirt,Roadster,Men's T-Shirts,699.0,300.0,4.1,1200,https://www.myntra.com/tshirts/roadster/roadster-men-graphic-printed-regular-fit-t-shirt/24400406/buy
Men Cotton T-shirt with Mask,VEIRDO,Men's T-Shirts,999.0,339.0,4.3,28,https://www.myntra.com/tshirts/veirdo/veirdo-men-solid-pure-cotton-sleeveless-t-shirt-with-mask/29881662/buy
Breathable Training Tee,Puma,Men's T-Shirts,1799.0,989.0,4.4,21,https://www.myntra.com/tshirts/puma/puma-train-all-day-mens-breathable-training-tee/35720668/buy
Pure Cotton T-shirt,Sztori,Men's T-Shirts,1599.0,639.0,4.4,65,https://www.myntra.com/tshirts/sztori/sztori-men-plus-size-pure-cotton-t-shirt/30922167/buy
Crew Neck Lounge Tshirt,Pepe Jeans,Men's T-Shirts,799.0,679.0,3.8,18,https://www.myntra.com/lounge-tshirts/pepe+jeans/pepe-jeans-men-crew-neck-relaxed-fit-lounge-tshirt/32762106/buy
Pure Cotton Slim Fit T-shirt,U.S. Polo Assn.,Men's T-Shirts,2199.0,1473.0,4.7,10,https://www.myntra.com/tshirts/u.s.+polo+assn./us-polo-assn-self-design-polo-collar-pure-cotton-slim-fit-t-shirt/32410338/buy
Polo Collar Lounge Tshirts,Lux Cozi,Men's T-Shirts,,,4.2,1200,https://www.myntra.com/lounge-tshirts/lux+cozi/lux-cozi-polo-collar-lounge-tshirts/28138200/buy
Men Printed T-shirt,NOBERO,Men's T-Shirts,1799.0,499.0,4.3,184,https://www.myntra.com/tshirts/nobero/nobero-men-printed-t-shirt/31715532/buy
Polo Collar T-shirt,Raymond,Men's T-Shirts,1699.0,714.0,4.3,112,https://www.myntra.com/tshirts/raymond/raymond-polo-collar-t-shirt/26760098/buy
Unisex Slim T-shirt,MuscleBlaze,Men's T-Shirts,899.0,599.0,4.5,26,https://www.myntra.com/tshirts/muscleblaze/muscleblaze-unisex-brand-logo-printed-round-neck-slim-t-shirt/32635723/buy
Polo Collar Cotton T-shirt,Rigo,Men's T-Shirts,1499.0,599.0,4.2,2100,https://www.myntra.com/tshirts/rigo/rigo-polo-collar-long-sleeve-cotton-t-shirt/25181282/buy
Polo Collar Cotton T-shirt,KINGDOM OF WHITE,Men's T-Shirts,1499.0,1199.0,4.2,126,https://www.myntra.com/tshirts/kingdom+of+white/kingdom-of-white-polo-collar-short-sleeve-pure-cotton-regular-t-shirt/24986860/buy
Regular Fit Cotton T-Shirt,Kappa,Men's T-Shirts,999.0,649.0,4.8,23,https://www.myntra.com/tshirts/kappa/kappa-round-neck-drop-shoulder-regular-fit-cotton-t-shirt/33084949/buy
Antimicrobial Training T-shirt,Technosport,Men's T-Shirts,,,4.3,340,https://www.myntra.com/tshirts/technosport/technosport-colourblocked-polo-collar-antimicrobial-training-t-shirt/24946364/buy
Men V-Neck T-shirt,The Souled Store,Men's T-Shirts,,,4.5,48,https://www.myntra.com/tshirts/the+souled+store/the-souled-store-men-v-neck-t-shirt/30537474/buy
Striped Polo Collar Pure Cotton T-shirt,Roadster,Men's T-Shirts,1599.0,687.0,4.1,2100,https://www.myntra.com/tshirts/roadster/roadster-men-white-striped-polo-collar-pure-cotton-t-shirt/12504226/buy
Polo Collar Cotton T-shirt,XYXX,Men's T-Shirts,699.0,599.0,3.9,287,https://www.myntra.com/tshirts/xyxx/xyxx-polo-collar-pure-cotton-t-shirt/29132510/buy
Men Polo Collar Pockets T-shirt,Celio,Men's T-Shirts,2699.0,1619.0,4.3,9,https://www.myntra.com/tshirts/celio/celio-men-polo-collar-pockets-t-shirt/32582116/buy
Ultralyte Men Running T-shirt,HRX by Hrithik Roshan,Men's T-Shirts,899.0,350.0,4.3,20600,https://www.myntra.com/tshirts/hrx+by+hrithik+roshan/hrx-by-hrithik-roshan-ultralyte-men-black-running-t-shirt/10106341/buy
Men Colourblocked T-shirt,Cantabil,Men's T-Shirts,1499.0,674.0,4.3,15,https://www.myntra.com/tshirts/cantabil/cantabil-men-colourblocked-polo-collar-t-shirt/36001548/buy
Cotton Slim Fit T-shirt,U.S. Polo Assn.,Men's T-Shirts,2299.0,1540.0,,0,https://www.myntra.com/tshirts/u.s.+polo+assn./us-polo-assn-men-striped-pure-cotton-slim-fit-t-shirt/32410462/buy
Crew Neck Lounge Tshirt,Pepe Jeans,Men's T-Shirts,799.0,679.0,4.5,24,https://www.myntra.com/lounge-tshirts/pepe+jeans/pepe-jeans-men-crew-neck-relaxed-fit-lounge-tshirt/33353185/buy
Outline Graphic T-Shirt,Puma,Men's T-Shirts,1599.0,719.0,4.4,361,https://www.myntra.com/tshirts/puma/puma-outline-graphic-slim-fit-t-shirt/31636866/buy
Moisture Wicking T-shirt,CULT,Men's T-Shirts,1099.0,604.0,4.7,16,https://www.myntra.com/tshirts/cult/cult-running-essential-moisture-wicking-tank-t-shirt/31750676/buy
Oversized Pure Cotton T-shirt,Stormborn,Men's T-Shirts,999.0,489.0,4.3,6500,https://www.myntra.com/tshirts/stormborn/stormborn-graphic-printed-oversized-drop-shoulder-sleeves-pure-cotton-t-shirt/25072090/buy
Printed Round Neck Pure Cotton T-shirt,Roadster,Men's T-Shirts,1099.0,373.0,4.0,634,https://www.myntra.com/tshirts/roadster/roadster-men-navy-blue-printed-round-neck-pure-cotton-t-shirt/12504682/buy
Men Noam Crew Neck T-Shirt,RARE RABBIT,Men's T-Shirts,1499.0,1349.0,4.9,16,https://www.myntra.com/tshirts/rare+rabbit/rare-rabbit-men-solid-round-neck-cotton-t-shirt/30265630/buy
Striped Regular Fit T-shirt,max,Men's T-Shirts,699.0,549.0,4.5,891,https://www.myntra.com/tshirts/max/max-striped-polo-collar-short-sleeves-regular-fit-t-shirt/28003754/buy
Men Printed Anti Odour T-shirt,Organic Chics,Men's T-Shirts,1499.0,399.0,4.2,272,https://www.myntra.com/tshirts/organic+chics/mens-oversized-graphic-print-cotton-t-shirt/32942221/buy
Pure Cotton Slim Fit T-shirt,U.S. Polo Assn. Denim Co.,Men's T-Shirts,1299.0,870.0,,0,https://www.myntra.com/tshirts/u.s.+polo+assn.+denim+co./us-polo-assn-denim-co-brand-logo-printed-pure-cotton-slim-fit-t-shirt/34032162/buy
Cotton Polo Collar T-shirt,HRX by Hrithik Roshan,Men's T-Shirts,899.0,386.0,4.2,156,https://www.myntra.com/tshirts/hrx+by+hrithik+roshan/hrx-by-hrithik-roshan-men-polo-collar-cotton-t-shirt/29714124/buy
Men Typography Printed T-shirt,NOBERO,Men's T-Shirts,1499.0,499.0,4.2,235,https://www.myntra.com/tshirts/nobero/nobero-men-typography-printed-t-shirt/33055564/buy
Cotton Slim Fit Polo T-shirt,U.S. Polo Assn.,Men's T-Shirts,1899.0,1367.0,,0,https://www.myntra.com/tshirts/u.s.+polo+assn./us-polo-assn-brand-logo-print-pure-cotton-slim-fit-polo-t-shirt/34032919/buy
Solid V-Neck Lounge T-shirt,Levis,Men's T-Shirts,649.0,434.0,4.4,559,https://www.myntra.com/lounge-tshirts/levis/levis-men-pure-cotton-v-neck-short-sleeve-tshirt/12027420/buy
Men Solid Oversized T-shirt,Maniac,Men's T-Shirts,1999.0,689.0,4.3,185,https://www.myntra.com/tshirts/maniac/maniac-men-solid-round-neck-cotton-oversized-t-shirt/30641227/buy
Men Printed Cotton T-shirt,United Colors of Benetton,Men's T-Shirts,1499.0,974.0,,0,https://www.myntra.com/tshirts/united+colors+of+benetton/united-colors-of-benetton-men-graphic-printed-round-neck-pure-cotton-t-shirt/32011553/buy
Brand Logo Printed T-shirt,HRX by Hrithik Roshan,Men's T-Shirts,699.0,300.0,4.3,90,https://www.myntra.com/tshirts/hrx+by+hrithik+roshan/hrx-by-hrithik-roshan-brand-logo-print-rapid-dry-training-t-shirt/30250430/buy
Polo Collar T-shirt,max,Men's T-Shirts,,,4.2,32,https://www.myntra.com/tshirts/max/max-polo-collar-short-sleeves-t-shirt/34839517/buy
Men Ark Regular Fit Polo,RARE RABBIT,Men's T-Shirts,3499.0,1924.0,3.9,87,https://www.myntra.com/tshirts/rare+rabbit/rare-rabbit-men-ark-polo-collar-solid-t-shirt/29996744/buy
Polo Collar Cotton T-shirt,XYXX,Men's T-Shirts,699.0,599.0,3.9,461,https://www.myntra.com/tshirts/xyxx/xyxx-polo-collar-pure-cotton-t-shirt/29132512/buy
Men Polo Collar T-shirt,The Indian Garage Co,Men's T-Shirts,1549.0,488.0,4.3,559,https://www.myntra.com/tshirts/the+indian+garage+co/the-indian-garage-co-men-solid-polo-collar-t-shirt/23053386/buy
Men Printed Pockets Slim Fit T-shirt,Mufti,Men's T-Shirts,1399.0,573.0,4.5,39,https://www.myntra.com/tshirts/mufti/mufti-men-printed-pockets-slim-fit-t-shirt/30323617/buy
Polo Collar T-shirt,TRIPR,Men's T-Shirts,999.0,396.0,3.6,44,https://www.myntra.com/tshirts/tripr/tripr-polo-collar-long-sleeves-t-shirt/33948012/buy
Men Oversized Cotton T Shirt,NOBERO,Men's T-Shirts,1799.0,499.0,4.5,595,https://www.myntra.com/tshirts/nobero/nobero-men-graphic-printed-oversized-cotton-t-shirt/26858778/buy
Men Solid Cotton T-shirt,NOBERO,Men's T-Shirts,2299.0,799.0,3.5,23,https://www.myntra.com/tshirts/nobero/nobero-men-solid-polo-collar-cotton-t-shirt/34251706/buy
